-- Set search path. Need to set it at the very start of every file.
    SET search_path TO SistemaTrasportoUrbano;

    INSERT INTO Autista VALUES ('HFIMJP61B36O157D', 'Virgilio', 'Trapanese', 'Strada Rolando 7 Piano 7 - San Torquato, 72068 Treviso (VT)', '2015-08-05', '8921731533'),
('SWABFC12K79X087C', 'Roman', 'Bevilacqua', 'Piazza Maurilio 8 - Quarto Serafina, 66280 Matera (LO)', '2007-04-17', '9451636615'),
('WARKDH95T46F383K', 'Gabriele', 'Lancisi', 'Borgo Lamberto 24 Piano 3 - Sesto Pina, 94172 Rieti (NU)', '1944-09-13', '2210484339'),
('XYQWXX27N37C748L', 'Corrado', 'Cesaroni', 'Rotonda Elvira 065 Piano 3 - Ferrazzi nell''emilia, 15271 Reggio Emilia (VC)', '1910-03-21', '4874773259'),
('CJNQEK44Y17Y804U', 'Elmo', 'Nicoletti', 'Vicolo Calogero 172 - Favata ligure, 11205 Trieste (BL)', '1949-10-23', '6814489479'),
('CHKXGR25M00F584D', 'Marcella', 'Carnera', 'Canale Fiamma 80 Appartamento 54 - Sesto Niccolò, 42860 Varese (AV)', '1976-01-16', '2118805955'),
('MYQNCU19Z70D832A', 'Pietro', 'Siffredi', 'Stretto Perozzo 6 Piano 9 - Leopoldo calabro, 80659 Potenza (LO)', '2020-02-11', '9990534204'),
('INPSLW58I03B070G', 'Lucia', 'Conte', 'Vicolo Flavia 55 - Luca ligure, 55896 Brescia (KR)', '1974-01-09', '8431489914'),
('HFHMAH88Y29E264B', 'Marina', 'Abbagnale', 'Via Filippa 026 Appartamento 36 - Settimo Piersanti, 41817 Livorno (CZ)', '1986-12-18', '3437440079'),
('NGVSSF90C69W269W', 'Sandra', 'Modigliani', 'Borgo Cassandra 1 Piano 3 - Settimo Luisa, 92842 Catania (PC)', '2017-02-20', '1391769539'),
('OMKMWS23H02Y293W', 'Ansaldo', 'Pizziol', 'Incrocio Lombroso 0 - San Antonella del friuli, 96901 Sassari (TR)', '1979-12-14', '9983491437'),
('SCSDIH90J25W609O', 'Sylvia', 'Calbo', 'Contrada Giuliana 6 Piano 1 - Quarto Amanda, 86035 Catania (AQ)', '1987-12-01', '9731550044'),
('PMIMWB35Z08V712L', 'Venancio', 'Passalacqua', 'Piazza Alderano 2 Piano 3 - Cipriano umbro, 29385 Lodi (TA)', '1938-12-14', '4253884088'),
('QYVNEG32D78G424G', 'Calogero', 'Altera', 'Borgo Roman 391 - San Allegra salentino, 62842 Verbano-Cusio-Ossola (CO)', '1974-07-13', '4618339112'),
('NUUSGQ60I63S942S', 'Rosaria', 'Simeoni', 'Rotonda Mantegna 88 - Quarto Nicolò, 85360 Piacenza (NO)', '1909-03-01', '5790390687'),
('QJHYVU31P07D954W', 'Durante', 'Zoppetti', 'Borgo Salgari 7 - Enrico veneto, 86824 Salerno (GO)', '1939-09-21', '8436689586'),
('XKEAAO59U75T742G', 'Paulina', 'Federico', 'Via Fagotto 2 - Sesto Adriano, 43290 Isernia (RA)', '1914-06-26', '4029382664'),
('VDYGMA94T86V924U', 'Tonia', 'Interminelli', 'Contrada Liliana 479 - Settimo Arturo nell''emilia, 63536 Como (VC)', '1965-12-21', '4504320067'),
('LZMRHS47B25H490A', 'Patrizia', 'Zanazzo', 'Borgo Gonzaga 07 - Settimo Pompeo, 38827 Ascoli Piceno (IM)', '1984-05-18', '4363468387'),
('XOQFFV14I89J937E', 'Antonello', 'Barcaccia', 'Rotonda Ruggiero 244 - Giuliana laziale, 17079 Messina (PR)', '2017-01-16', '1114661864'),
('RXXFTE02F39W892S', 'Antonia', 'Polesel', 'Vicolo Alina 041 - Lombardo nell''emilia, 46147 Asti (CH)', '1960-05-02', '2680231637'),
('PKGAML60M34A956N', 'Nanni', 'Morandi', 'Via Santoro 3 - Borgo Riccardo del friuli, 45291 Asti (CR)', '1927-09-25', '5169090045'),
('EHYCCZ96P25S713E', 'Simone', 'Bajamonti', 'Canale Bandello 87 - Martucci terme, 68700 Pistoia (RC)', '2003-10-27', '3058292873'),
('GAEUFT16J54P590Z', 'Nino', 'Borrani', 'Vicolo Cicala 9 Piano 2 - Quarto Maurilio sardo, 45792 Ascoli Piceno (CR)', '1977-07-02', '9687785011'),
('NIZEQA68G18R004Q', 'Ludovica', 'Babbo', 'Viale Irma 040 - Bixio calabro, 49837 Milano (ME)', '1949-03-26', '9899050639'),
('JIXKXA96Q58R483F', 'Severino', 'Balbi', 'Borgo Giosuè 7 - Quarto Silvia salentino, 89380 Rovigo (AR)', '1999-01-27', '7458069614'),
('GCXVNH15T05T639Y', 'Sabatino', 'Venier', 'Vicolo Elena 78 Appartamento 19 - Lolita a mare, 40973 Asti (AQ)', '1987-08-25', '3561883246'),
('OHAFGX56U59U720H', 'Carlo', 'Longhena', 'Contrada Benito 820 Piano 5 - Settimo Claudio lido, 67688 Pesaro e Urbino (VC)', '1951-06-23', '3904264544'),
('RRRWYW65H95U557H', 'Greco', 'Bazzi', 'Stretto Tiepolo 816 - Camilla umbro, 33443 Caltanissetta (VE)', '1946-06-16', '1750843993'),
('HTUAUH16T26U575J', 'Gianluigi', 'Ottino', 'Vicolo Panicucci 61 - Quarto Pierina calabro, 68012 Prato (LI)', '1982-10-15', '8119407372'),
('PNATOO99M56J074Z', 'Melania', 'Malatesta', 'Vicolo Gremese 2 - San Carolina del friuli, 63871 Isernia (BA)', '1990-08-09', '4185037723'),
('MQAGFC12O75V910D', 'Fabia', 'Callegaro', 'Vicolo Camillo 678 Piano 0 - Quarto Griselda ligure, 96813 Asti (AO)', '1979-11-04', '1579123108'),
('VVPISI00K56T395D', 'Monica', 'Virgilio', 'Contrada Fabrizia 9 Piano 1 - San Lilla, 63019 Oristano (CR)', '1993-10-28', '9596481071'),
('CVSFQP74Q19D455N', 'Massimo', 'Tornatore', 'Incrocio Trussardi 6 - San Salvi, 53028 Caltanissetta (SR)', '1938-05-01', '1687537412'),
('LOBQPJ48P45E838Y', 'Eleanora', 'Tommaseo', 'Strada Camicione 12 Appartamento 87 - Salvemini umbro, 51827 Rimini (FM)', '1945-03-20', '2779861933'),
('KPTBHQ41H88D769K', 'Gloria', 'Comolli', 'Viale Lucia 503 Piano 7 - Quarto Allegra, 29303 Vercelli (NA)', '1970-03-09', '5569356907'),
('OBKFSU99D10E578D', 'Adelasia', 'Bixio', 'Viale Nicola 6 Piano 5 - Emma salentino, 61684 Udine (TR)', '1969-10-09', '5462085263'),
('DQLUQA13J54Z250X', 'Mauro', 'Nievo', 'Vicolo Curatoli 57 - Gramsci terme, 72383 Ferrara (TV)', '1909-07-26', '4116232237'),
('VZQVOH24K77A436M', 'Melissa', 'Bottigliero', 'Borgo Foscari 535 Appartamento 30 - Ferrata umbro, 59611 Torino (BS)', '1924-12-27', '8209167051'),
('FGFSKU96I08D998H', 'Fabia', 'Avogadro', 'Borgo Giulia 8 Piano 3 - Mastroianni lido, 92869 Viterbo (AP)', '1925-09-29', '4241642981'),
('HKTWVU97Y35C246F', 'Giada', 'Tozzi', 'Stretto Angeli 5 Appartamento 82 - Quarto Federigo a mare, 76860 Benevento (PD)', '2001-05-07', '1818019178'),
('LVHXUE67N50Y432S', 'Erika', 'Campano', 'Rotonda Regge 953 - Vittadello laziale, 01415 Bari (VT)', '1921-04-02', '5202690751'),
('SZLOFD55I52A247O', 'Ivo', 'Rubbia', 'Via Benvenuto 1 - Ermanno del friuli, 61576 Caserta (SS)', '1942-07-18', '9258233108'),
('FCKBAC73M95M631H', 'Virgilio', 'Ajello', 'Viale Fiamma 8 - Sesto Patrizia, 20887 Oristano (CR)', '1963-10-02', '5388793014'),
('UIOPHN97E99W939G', 'Annetta', 'Nugnes', 'Piazza Martino 1 - Depero veneto, 72705 Venezia (FM)', '1924-04-13', '4656046886'),
('WCCUPD42A74X050J', 'Annalisa', 'Filangieri', 'Stretto Fittipaldi 598 - Sesto Liana, 78158 L''Aquila (AV)', '1991-12-20', '1174647438'),
('ZWPOAU21V70O900N', 'Sandro', 'Lombardo', 'Contrada Antonina 14 Piano 8 - Asmundo salentino, 47484 Ravenna (VA)', '2012-09-30', '8109725063'),
('AYSLDA47B21P216F', 'Puccio', 'Ceci', 'Contrada Francesca 086 - Lolita terme, 33274 Roma (NU)', '1955-02-16', '7816652151'),
('LMMFEA21Y69D962K', 'Biagio', 'Costalonga', 'Vicolo Iannucci 8 - Sesto Nadia calabro, 72566 Sassari (TE)', '2020-11-24', '1594668076'),
('YGXRCF51Y81Y726E', 'Saverio', 'Giannetti', 'Rotonda Graziano 07 - Majewski lido, 04102 Potenza (PZ)', '1994-07-06', '4085931548'),
('PQWAIF25K60X548N', 'Adamo', 'Antelami', 'Canale Delle 414 Piano 8 - Sesto Rosina salentino, 12638 Rieti (OG)', '1983-05-02', '7800871031'),
('RVQVRM51P38B135C', 'Isa', 'Costanzi', 'Vicolo Eleanora 590 - San Aldo, 26592 Medio Campidano (BS)', '1966-10-08', '5502226799'),
('KBDLWD25O42J835Q', 'Fabia', 'Gualandi', 'Strada Irma 760 - Ferrucci terme, 66914 Mantova (VC)', '1929-03-30', '6594927879'),
('UGAQHI69N08T192E', 'Guarino', 'Luria', 'Incrocio Ansaldo 8 Piano 6 - Borgo Napoleone ligure, 72742 Bologna (LE)', '1961-11-07', '7361586562'),
('DRGRTJ47B65E878H', 'Rosario', 'Chiesa', 'Vicolo Vittadello 6 - Giuliana veneto, 88692 Alessandria (PG)', '1926-10-30', '8299706188'),
('VMOWYT17G03N402Y', 'Guido', 'Luciani', 'Vicolo Bignardi 3 Piano 5 - Federico ligure, 34730 Cuneo (CS)', '1922-09-10', '4469356771'),
('HOEFIG82W20O491S', 'Vincenza', 'Bonaventura', 'Canale Edoardo 8 Appartamento 10 - Amadeo umbro, 94562 Varese (MT)', '1973-04-17', '5557630981'),
('ZRDEIW83D20N207D', 'Romolo', 'Campano', 'Contrada Armando 3 - Borgo Camillo lido, 73284 Caltanissetta (MI)', '2017-06-24', '5716202719'),
('HZAJDG55R79I548H', 'Mauro', 'Gianetti', 'Contrada Morgagni 26 - Spinola laziale, 74864 Ascoli Piceno (VI)', '1942-02-02', '2581971554'),
('KGCKWV64U94D674X', 'Giancarlo', 'Bulzoni', 'Borgo Interiano 088 - San Serafina, 53578 Brescia (AR)', '1971-04-20', '1493974501'),
('MCRYET23I74T585U', 'Pellegrino', 'Zola', 'Viale Brambilla 7 - Alessia veneto, 41746 Biella (PA)', '1972-06-12', '3907353429'),
('FJSKIQ07W93Q630E', 'Torquato', 'Bertolucci', 'Borgo Giorgio 641 - Nico laziale, 48689 Pesaro e Urbino (PE)', '1950-12-31', '7429941741'),
('OZXAXK12Y32H819W', 'Vincenzo', 'Boccaccio', 'Viale Amadeo 78 - Vittoria veneto, 18475 Mantova (BG)', '1940-03-04', '6918602221'),
('LXAXEV92C74N249M', 'Guarino', 'Morlacchi', 'Viale Solimena 66 - Borgo Graziano, 39352 Palermo (KR)', '2013-02-27', '7716917051'),
('FRVGVR26A34K971F', 'Arnulfo', 'Pavarotti', 'Incrocio Fabrizia 6 - Nicola veneto, 36579 Siena (PO)', '1982-07-13', '9742269613'),
('XRHQSB01Z11Z768Z', 'Raffaellino', 'Beccheria', 'Contrada Staglieno 811 Appartamento 83 - San Biagio, 94325 Brescia (VA)', '1913-05-20', '3020487407'),
('NJRTCZ90U11Z217Q', 'Ferdinando', 'Priuli', 'Piazza Bellocchio 65 - Settimo Enrico calabro, 39185 Pesaro e Urbino (MS)', '1986-03-13', '4932103862'),
('UUHMSS69I01H265N', 'Erika', 'Battelli', 'Canale Lisa 408 Piano 0 - Borgo Jacopo, 52242 Trento (RO)', '1996-09-28', '1966757007'),
('LTVLEQ80C83R799Q', 'Gemma', 'Murialdo', 'Contrada Dino 72 - Flora calabro, 15493 Agrigento (VS)', '1924-01-13', '2290415600'),
('IIJBPS48Z80U290Y', 'Barbara', 'Udinese', 'Stretto Vanessa 960 - San Gianpietro, 85067 Roma (OG)', '2004-01-21', '3157914403'),
('HEVHQD09V28J272K', 'Melissa', 'Duse', 'Piazza Natalia 64 Piano 7 - Elvira lido, 05242 Brescia (KR)', '1978-09-25', '5254304988'),
('ZEWARV89O23V377W', 'Guido', 'Necci', 'Incrocio Valentina 594 Appartamento 17 - Quarto Gabriella nell''emilia, 53072 Olbia-Tempio (MI)', '1938-08-26', '4427639329'),
('GRBTCC21C09B609X', 'Severino', 'Respighi', 'Canale Papetti 631 - Settimo Federigo, 64738 Campobasso (SI)', '2011-03-06', '4181477282'),
('AWTOAC09Z86N348X', 'Gabriella', 'Cagnin', 'Canale Lara 6 Piano 1 - Quarto Annibale, 15026 Matera (TR)', '1979-12-01', '8988138465'),
('CHCFOU58Z44H972U', 'Fiamma', 'Falier', 'Vicolo Rosalia 55 Appartamento 65 - Guglielmi lido, 34314 Viterbo (AL)', '1988-11-09', '5018046444');

    INSERT INTO Telefono VALUES ('5468846388', 'HFIMJP61B36O157D'),
('7382010853', 'HFIMJP61B36O157D'),
('8859158368', 'HFIMJP61B36O157D'),
('4900315155', 'SWABFC12K79X087C'),
('3167613558', 'SWABFC12K79X087C'),
('6713153566', 'XYQWXX27N37C748L'),
('3404381470', 'XYQWXX27N37C748L'),
('4921352636', 'CJNQEK44Y17Y804U'),
('7343708678', 'CJNQEK44Y17Y804U'),
('3685496293', 'MYQNCU19Z70D832A'),
('7923045277', 'MYQNCU19Z70D832A'),
('2430804514', 'MYQNCU19Z70D832A'),
('7627091393', 'HFHMAH88Y29E264B'),
('3101470722', 'NGVSSF90C69W269W'),
('6530445838', 'NGVSSF90C69W269W'),
('6334809608', 'OMKMWS23H02Y293W'),
('1789710164', 'OMKMWS23H02Y293W'),
('4528174820', 'OMKMWS23H02Y293W'),
('3046685052', 'SCSDIH90J25W609O'),
('9975727264', 'SCSDIH90J25W609O'),
('4965891272', 'PMIMWB35Z08V712L'),
('7547995216', 'QYVNEG32D78G424G'),
('6476988737', 'QYVNEG32D78G424G'),
('2534881946', 'QYVNEG32D78G424G'),
('4629580546', 'NUUSGQ60I63S942S'),
('2043830061', 'NUUSGQ60I63S942S'),
('4412707896', 'XKEAAO59U75T742G'),
('6723199197', 'XKEAAO59U75T742G'),
('3923108076', 'LZMRHS47B25H490A'),
('3473699103', 'XOQFFV14I89J937E'),
('1498414388', 'RXXFTE02F39W892S'),
('3600620612', 'RXXFTE02F39W892S'),
('3665456602', 'GAEUFT16J54P590Z'),
('8885141866', 'GAEUFT16J54P590Z'),
('1300666185', 'GAEUFT16J54P590Z'),
('6799468440', 'NIZEQA68G18R004Q'),
('1774459493', 'NIZEQA68G18R004Q'),
('6151193902', 'GCXVNH15T05T639Y'),
('8437158091', 'GCXVNH15T05T639Y'),
('3888969234', 'GCXVNH15T05T639Y'),
('2076693935', 'OHAFGX56U59U720H'),
('8221045514', 'RRRWYW65H95U557H'),
('9235647582', 'RRRWYW65H95U557H'),
('8082115395', 'RRRWYW65H95U557H'),
('5348380874', 'HTUAUH16T26U575J'),
('4174050074', 'PNATOO99M56J074Z'),
('7632801738', 'PNATOO99M56J074Z'),
('3667504740', 'MQAGFC12O75V910D'),
('8368529007', 'MQAGFC12O75V910D'),
('3795305861', 'MQAGFC12O75V910D'),
('8295357103', 'VVPISI00K56T395D'),
('8032576879', 'CVSFQP74Q19D455N'),
('7732242437', 'LOBQPJ48P45E838Y'),
('4045157748', 'LOBQPJ48P45E838Y'),
('6006535879', 'LOBQPJ48P45E838Y'),
('9095779327', 'KPTBHQ41H88D769K'),
('3005286885', 'OBKFSU99D10E578D'),
('8784262877', 'OBKFSU99D10E578D'),
('1014572021', 'VZQVOH24K77A436M'),
('9651315321', 'VZQVOH24K77A436M'),
('9047281901', 'HKTWVU97Y35C246F'),
('2101610896', 'FCKBAC73M95M631H'),
('8064966387', 'FCKBAC73M95M631H'),
('5958282633', 'FCKBAC73M95M631H'),
('7693086932', 'WCCUPD42A74X050J'),
('9360164824', 'WCCUPD42A74X050J'),
('8044352827', 'ZWPOAU21V70O900N'),
('3310386536', 'ZWPOAU21V70O900N'),
('6187650937', 'ZWPOAU21V70O900N'),
('6726945413', 'LMMFEA21Y69D962K'),
('8686372941', 'LMMFEA21Y69D962K'),
('1153182031', 'YGXRCF51Y81Y726E'),
('2158018294', 'YGXRCF51Y81Y726E'),
('3355722127', 'PQWAIF25K60X548N'),
('2260173501', 'PQWAIF25K60X548N'),
('4129574109', 'RVQVRM51P38B135C'),
('6580131041', 'KBDLWD25O42J835Q'),
('1466654280', 'KBDLWD25O42J835Q'),
('2475972382', 'UGAQHI69N08T192E'),
('3057660952', 'UGAQHI69N08T192E'),
('5457421776', 'DRGRTJ47B65E878H'),
('7719422170', 'DRGRTJ47B65E878H'),
('1373326185', 'DRGRTJ47B65E878H'),
('4220665294', 'VMOWYT17G03N402Y'),
('3917582313', 'ZRDEIW83D20N207D'),
('2816934709', 'ZRDEIW83D20N207D'),
('6010427726', 'HZAJDG55R79I548H'),
('6119364862', 'HZAJDG55R79I548H'),
('1628587760', 'FJSKIQ07W93Q630E'),
('6145242144', 'FJSKIQ07W93Q630E'),
('3095520584', 'OZXAXK12Y32H819W'),
('1939623321', 'LXAXEV92C74N249M'),
('9156177411', 'LXAXEV92C74N249M'),
('8808758990', 'LXAXEV92C74N249M'),
('9050844289', 'FRVGVR26A34K971F'),
('8112825180', 'LTVLEQ80C83R799Q'),
('9455065215', 'LTVLEQ80C83R799Q'),
('7463924468', 'LTVLEQ80C83R799Q'),
('6180180810', 'HEVHQD09V28J272K'),
('7865995974', 'HEVHQD09V28J272K'),
('3518519247', 'HEVHQD09V28J272K'),
('6387862107', 'GRBTCC21C09B609X'),
('5576806673', 'GRBTCC21C09B609X'),
('8612744290', 'AWTOAC09Z86N348X'),
('2647890592', 'AWTOAC09Z86N348X'),
('8859535416', 'CHCFOU58Z44H972U');

    INSERT INTO Autobus VALUES ('77O 714', 22, 23),
('114 VBB', 11, 18),
('414PNI', 26, 25),
('FRO-5576', 22, 19),
('YUC 0612', 25, 21),
('8O 4X9ZJP', 28, 16),
('4AO5021', 26, 14),
('811E3', 19, 14),
('3O 8K1USL', 13, 29),
('279-PCP', 18, 27),
('KDM 520', 29, 14),
('ATM5911', 19, 13),
('K75-CZN', 12, 20),
('412 XWP', 25, 27),
('ZBM 509', 13, 21),
('503KFX', 23, 20),
('7N214', 29, 30),
('DEF5918', 16, 27),
('FX5 0998', 25, 24),
('17-YJ16', 26, 18),
('07MY848', 11, 27),
('328 BVL', 10, 12),
('69M OU4', 22, 30),
('224-XDG', 10, 29),
('3-0705L', 25, 20),
('5OQ D56', 17, 20),
('398 GZL', 12, 16),
('643 ADF', 28, 17),
('PRM 679', 17, 14),
('LRX 238', 27, 24),
('905 POD', 12, 12),
('EXV 526', 20, 26),
('834K', 25, 13),
('308 GGS', 19, 27),
('00O•562', 19, 13),
('9-9375A', 27, 20),
('438-OGP', 27, 16),
('588X8', 29, 27),
('1D 3059Z', 28, 19),
('IL 09415', 24, 12),
('BHD-1928', 29, 22),
('7Z 6F5WUU', 20, 28),
('MP6 B1F', 17, 19),
('BD-0812', 15, 16),
('ZQA 709', 15, 11),
('156WKL', 29, 18),
('048 MCP', 25, 12),
('341-TUZ', 12, 14),
('ZVT 589', 14, 11),
('998 IFX', 12, 27),
('KAD-6264', 22, 26),
('709 EWE', 18, 26),
('14P K40', 17, 16),
('8984', 28, 23),
('ZEW 688', 28, 18),
('ZTT 405', 24, 25),
('670 DKP', 30, 21),
('3FLG961', 12, 20),
('46-V157', 29, 13),
('AL9 2608', 25, 28),
('4-0303L', 30, 20),
('DNR1764', 16, 17),
('9FT 821', 10, 18),
('MGL 923', 13, 17),
('KG 7981', 21, 15),
('DLT 111', 20, 23),
('4LS W58', 11, 13),
('1RZ62', 14, 17),
('LH 52092', 11, 28),
('481 UMZ', 30, 27),
('AAN2665', 29, 12),
('ZYW 490', 10, 13),
('15U 210', 30, 16),
('637-KQN', 29, 28),
('010 GVL', 13, 22),
('PLB-4150', 12, 21),
('8Y898', 13, 11),
('DOC-9406', 29, 10),
('RXO 016', 16, 15),
('NJ6 9071', 13, 25),
('QOG-2355', 16, 11),
('889KP', 10, 27),
('220 FRH', 23, 29),
('631-JUC', 13, 18),
('25IV6', 12, 17),
('9LY2736', 12, 30),
('906GID', 19, 21),
('DIT7601', 23, 15),
('YQX 203', 11, 26),
('93R 7510', 24, 11),
('OQS-3129', 29, 13),
('886 6ZQ', 22, 16),
('CAI-8364', 18, 21),
('TBP3279', 25, 28),
('8RF 506', 15, 16),
('706-009', 11, 15),
('190 ACV', 15, 20),
('581 4655', 26, 18),
('47X 507', 13, 29),
('9GP17', 24, 15);
    